"username","password"
"1","aaravp","pass123"
"2","riyash","pass123"
"3","devm","pass123"
"4","ishap","pass123"
"5","karanj","pass123"
"6","nehat","pass123"
"7","rohand","pass123"
"8","snehak","pass123"
"9","vikrams","pass123"
"10","ananyai","pass123"
"11","rahulv","pass123"
"12","poojan","pass123"
"13","manavs","pass123"
"14","aditir","pass123"
"15","arjunk","pass123"
"16","tanvik","pass123"
"17","sidb","pass123"
"18","meerac","pass123"
"19","yasha","pass123"
"20","priyam","pass123"
"21","kishans","pass123"
"22","kishans342","pass123"
"23","hardiks","pass123"
"24","krishna24","krishna2441"
"25","krishna401","johnpork12"
"26","krishna244","pass123"
"27","nishas","pass123"
"28","GardernH","pass123"
"29","hsjdhjkas","pass1234"
"30","krishna2445436","436trgwary"
"31","krishna245356","pass123"
"32","krishna24563637","pass123"
"33","krishna24878970","pass123"
